{"cameraMode":{"drawMode":0,"name":"Shaded","section":"Shading Mode"},"sceneLighting":false,"audioPlay":false,"sceneViewState":{"m_AlwaysRefresh":false,"showFog":true,"showSkybox":true,"showFlares":true,"showImageEffects":true,"showParticleSystems":true,"showVisualEffectGraphs":true,"m_FxEnabled":true},"in2DMode":false,"pivot":{"x":5.335443496704102,"y":3.457498073577881,"z":0.4745607376098633},"rotation":{"x":-0.05128394439816475,"y":0.011082347482442856,"z":-0.0005691503174602985,"w":-0.9986222386360169},"size":10.629830360412598,"orthographic":false}